Temperature_C,Humidity_Percentage,SmokeLevel_PPM,CarbonMonoxideLevel_PPM
14,71,175,5
10,66,169,14
26,54,90,10
14,73,287,0
32,41,12,13
13,45,199,14
38,74,84,7
29,34,157,9
32,39,129,16
36,44,297,14
11,58,52,8
35,46,99,1
33,33,33,16
11,56,262,11
18,34,47,18
11,41,32,19
12,39,203,10
37,58,151,0
24,74,171,6
19,36,214,13
27,68,6,17
38,72,189,3
10,33,194,18
31,58,33,13
14,69,42,19
13,48,66,11
17,70,0,19
10,49,143,9
22,57,105,16
30,77,65,12
39,54,75,2
12,32,296,4
30,66,288,14
23,37,157,19
10,50,162,18
30,59,225,13
20,73,176,10
14,48,50,12
24,66,212,8
11,72,288,7
33,36,98,19
23,33,54,4
38,32,213,0
39,43,295,17
36,74,25,7
17,63,112,19
25,45,278,10
15,37,186,8
31,58,96,2
12,60,165,3
15,70,146,2
26,79,186,4
21,40,200,11
27,48,237,13
15,46,249,7
34,45,59,2
11,42,20,5
36,31,55,12
20,68,174,1
22,41,226,5
24,78,6,5
24,49,265,14
10,41,211,15
20,49,123,11
35,45,298,4
16,58,278,19
18,69,295,10
30,39,256,6
39,65,99,2
20,31,102,17
21,78,99,18
30,34,297,11
13,60,206,1
28,30,8,5
29,63,41,12
27,62,298,11
12,35,113,1
10,62,63,13
24,48,82,4
18,47,65,3
29,65,277,4
33,73,298,13
13,74,220,1
10,55,113,4
14,53,95,16
34,45,128,6
18,66,40,6
10,71,58,18
23,44,161,16
22,41,10,18
28,61,48,1
38,31,4,8
33,79,209,18
38,57,92,17
36,48,23,10
21,43,79,10
25,69,52,8
30,77,224,1
38,42,211,17
10,38,175,11
33,31,290,1
26,53,31,0
36,35,274,12
17,47,1,13
13,69,75,19
30,70,209,4
29,54,64,9
15,74,93,8
39,63,225,12
39,79,115,13
28,78,147,16
14,51,84,17
38,57,6,6
20,30,19,4
15,33,114,19
33,42,71,5
34,50,81,15
28,60,228,0
19,49,96,12
18,45,269,6
17,75,218,19
11,62,103,12
32,49,9,7
28,67,78,5
11,35,271,12
37,36,150,1
26,37,163,19
25,55,85,9
38,65,34,6
19,38,267,6
19,66,227,12
22,67,41,6
18,73,238,13
27,67,102,3
39,55,166,14
39,63,248,3
18,59,177,1
21,76,182,1
29,70,39,19
12,39,126,13
37,33,127,10
16,67,129,8
30,35,139,9
15,39,107,14
17,40,267,4
15,69,69,6
14,46,130,19
18,37,192,18
33,70,157,12
16,73,263,4
21,60,208,3
13,72,4,8
15,72,157,16
25,43,280,18
19,37,251,6
25,51,195,7
32,36,61,19
30,67,14,18
14,69,210,2
11,51,32,19
11,79,50,5
23,67,21,0
27,37,244,8
27,62,205,6
13,33,263,12
28,56,248,6
31,66,10,10
17,70,142,10
14,40,104,14
27,76,74,16
11,79,28,7
13,36,142,11
18,39,209,12
38,55,253,7
31,62,7,13
20,42,110,12
26,33,167,10
27,51,4,4
15,46,266,4
30,73,214,17
24,59,84,13
39,77,119,4
22,41,129,17
22,46,118,10
19,36,140,18
32,73,23,7
34,78,132,12
12,62,17,12
15,33,43,9
32,67,193,14
23,68,171,6
10,57,137,12
21,59,274,8
35,40,251,12
32,41,85,13
32,57,228,7
20,40,264,16
37,40,100,14
37,77,113,14
26,71,209,18
17,50,139,18
11,61,127,15
33,76,276,15
10,61,149,5
20,45,140,6
34,49,58,13
37,64,136,14
17,52,108,15
25,71,212,3
14,44,226,14
30,55,145,19
22,77,234,16
12,36,200,1
15,72,8,7
26,40,289,11
15,65,29,10
23,68,121,3
23,64,254,11
28,69,176,7
20,57,206,3
15,35,200,5
32,70,94,18
33,66,279,12
34,70,130,9
39,31,163,12
21,77,267,14
17,44,279,0
17,63,295,0
19,36,107,15
28,40,198,12
29,41,151,4
28,31,235,19
37,65,72,6
19,52,85,0
10,55,282,0
16,37,218,13
11,77,76,17
11,68,222,9
21,76,183,0
18,33,6,16
37,50,54,1
15,46,113,12
12,34,171,4
36,62,233,5
38,43,144,1
31,52,89,1
18,59,96,12
25,61,126,8
24,50,11,9
32,31,220,13
24,40,157,18
14,43,252,19
32,40,66,18
28,69,6,5
32,60,277,12
37,55,247,4
10,47,120,17
21,46,139,17
39,61,118,7
17,60,122,15
29,59,125,3
10,70,1,10
15,72,95,14
15,30,234,4
29,62,78,2
20,34,3,13
28,57,289,4
31,56,99,1
21,54,121,12
29,56,146,6
18,51,212,7
19,78,295,7
29,38,121,4
30,62,294,15
12,38,84,0
32,44,30,14
31,38,53,3
32,48,34,18
17,57,277,6
27,43,199,10
28,69,180,14
22,78,242,16
30,74,165,6
14,59,48,6
24,63,80,12
36,79,63,6
21,39,224,7
29,35,49,17
33,43,76,15
33,47,22,1
28,70,144,13
27,40,122,3
29,76,144,8
33,37,129,19
13,32,166,19
13,52,122,0
24,49,66,9
24,74,25,1
38,43,238,4
30,47,253,5
33,38,251,4
22,33,213,1
10,61,235,18
18,37,94,2
15,30,179,0
14,77,258,16
19,55,264,19
31,64,147,6
12,43,139,11
14,63,267,11
25,48,112,1
20,42,138,0
28,45,156,14
21,32,184,11
32,60,78,7
34,31,240,17
10,65,181,1
35,31,3,13
30,60,35,3
25,71,180,2
24,36,281,5
10,51,143,19
20,50,63,8
31,52,212,7
28,77,56,9
14,51,106,5
32,31,77,10
38,39,221,9
29,63,219,16
29,69,80,2
39,78,243,14
13,63,210,19
20,64,239,1
16,46,6,6
37,30,219,5
11,71,149,17
33,32,121,0
13,63,68,0
38,76,241,0
35,51,201,0
27,37,122,19
34,56,240,16
11,58,47,17
24,39,201,1
23,70,196,6
21,43,7,8
14,54,201,19
16,44,192,8
22,68,108,15
35,73,276,0
24,68,35,7
33,32,5,9
20,68,77,19
29,41,15,14
15,32,20,2
15,32,282,7
14,46,132,12
36,64,24,8
20,39,5,1
11,65,113,3
12,53,203,9
14,55,257,12
21,57,258,8
18,36,192,6
35,47,203,16
10,31,53,11
10,40,245,15
15,36,182,6
18,66,289,1
14,34,10,4
24,44,142,13
23,30,233,6
35,51,0,2
10,74,121,7
29,54,284,9
33,69,41,1
11,71,156,8
27,47,180,6
31,54,11,14
35,57,282,4
19,38,262,6
17,75,28,18
29,33,151,4
11,36,241,13
21,76,225,14
11,71,95,14
31,33,227,12
21,59,236,17
20,41,83,11
22,40,27,15
39,34,158,17
15,48,276,1
21,49,234,3
35,34,280,18
31,40,156,7
30,59,174,17
10,38,166,2
11,72,203,7
36,72,174,19
34,58,25,6
35,42,24,16
14,48,229,14
35,65,279,6
12,76,138,1
15,32,257,5
22,38,254,2
35,51,98,2
19,66,212,9
27,42,96,12
31,50,23,9
14,51,259,5
28,75,0,6
31,33,77,16
13,37,34,12
18,69,290,14
28,39,220,14
23,59,280,5
10,47,58,17
27,78,110,1
32,59,40,9
38,64,16,16
22,63,29,9
15,40,222,9
33,34,179,16
17,47,247,18
16,71,5,7
28,55,178,2
19,69,111,0
37,64,76,7
30,55,175,4
14,73,148,6
28,39,192,14
12,71,10,13
28,44,16,19
16,37,116,9
17,75,124,11
31,39,159,17
27,57,243,1
35,57,71,19
30,74,171,10
24,73,214,1
36,72,116,1
12,52,114,13
29,46,181,4
18,30,148,2
18,79,175,16
12,37,22,14
27,30,78,1
26,68,10,18
10,62,134,7
23,61,70,16
37,54,203,11
18,54,255,14
16,39,11,6
32,78,65,13
38,50,138,18
23,34,157,17
33,40,125,1
11,41,157,3
19,45,182,4
37,79,12,15
13,62,153,16
10,58,221,6
36,59,237,6
27,56,103,13
33,78,261,9
22,55,178,16
28,45,109,10
12,68,118,0
37,61,59,17
28,34,105,17
16,79,22,3
23,35,246,14
15,59,18,9
32,72,265,5
29,63,89,1
33,33,75,17
25,74,224,5
26,58,83,4
17,51,154,10
36,30,219,17
35,35,87,3
12,44,270,1
14,58,297,19
16,49,59,15
15,59,261,18
18,67,146,6
29,64,204,18
38,48,163,1
36,49,164,4
37,37,1,12
16,53,79,7
13,32,1,2
23,52,31,4
29,64,281,19
18,46,109,17
36,55,25,7
36,43,22,9
27,65,68,14
24,31,195,10
27,64,21,0
14,43,14,2
25,68,158,18
31,71,178,3
17,58,191,2
34,73,175,4
13,63,209,16
30,75,76,9
11,41,119,18
14,50,235,5
18,69,286,2
20,59,258,16
35,57,228,3
27,70,47,18
15,55,122,18
26,55,65,4
19,38,284,6
26,45,44,11
31,42,209,2
16,33,264,16
38,76,45,12
22,73,78,18
11,44,23,16
35,52,260,0
27,32,46,8
36,44,126,1
38,79,161,11
37,67,101,0
16,30,278,10
31,43,216,15
12,78,264,8
14,61,91,18
13,39,260,19
17,30,225,3
39,47,151,9
23,72,30,4
17,33,57,11
12,49,239,10
29,33,281,18
22,78,270,0
14,68,249,1
39,40,246,1
28,63,207,5
38,60,65,12
24,60,99,0
13,46,299,2
19,39,186,5
28,38,199,14
35,39,87,19
37,53,218,5
20,76,26,17
31,31,176,5
35,32,70,6
16,47,36,12
14,55,162,9
24,32,219,3
24,59,2,6
39,59,59,9
33,59,147,4
28,79,246,17
21,49,194,1
12,38,19,14
31,45,175,7
22,48,107,15
39,36,32,16
35,53,7,18
17,49,30,17
21,50,202,0
33,50,100,12
27,72,222,19
32,75,92,2
38,49,134,1
36,30,293,5
34,74,206,8
36,64,232,18
23,55,183,7
11,49,142,7
35,77,78,6
15,58,54,5
16,79,212,7
35,35,52,5
24,49,64,12
31,64,220,8
16,46,162,16
18,46,48,6
35,58,106,7
32,53,252,4
27,49,0,19
34,39,260,14
27,39,102,3
11,54,19,17
22,50,228,17
27,67,19,2
21,59,63,5
14,75,42,19
22,30,281,14
24,39,253,12
28,75,104,18
26,65,64,17
20,44,240,9
28,69,54,14
16,44,26,14
19,34,132,13
36,59,265,5
28,66,85,18
23,66,80,5
18,59,62,12
13,74,75,12
12,52,204,4
27,61,277,17
37,45,282,1
27,67,245,12
21,47,168,3
32,57,259,17
28,56,195,12
12,74,57,15
12,67,293,9
13,36,193,4
16,75,287,11
13,73,7,4
25,35,186,16
36,77,10,5
12,61,58,5
15,35,54,1
15,43,46,4
18,54,81,2
36,56,159,10
15,40,117,12
22,71,182,15
21,78,252,5
36,51,11,9
34,66,18,7
11,72,228,0
19,32,147,12
18,38,223,7
37,55,284,18
17,65,92,13
20,66,57,13
11,79,127,3
23,61,281,5
33,38,274,7
15,33,275,15
25,52,51,3
29,66,141,3
28,58,247,6
29,38,238,2
11,68,131,4
30,47,108,13
16,75,208,9
36,54,90,13
31,77,169,1
18,78,4,10
21,65,32,8
18,61,201,0
37,41,145,1
13,44,154,10
30,70,130,10
13,53,266,4
26,74,233,13
11,34,160,12
24,49,207,17
32,60,115,16
20,50,31,14
19,36,48,11
38,43,194,6
19,77,92,18
15,48,206,10
24,76,52,6
28,55,52,1
20,56,23,3
11,50,21,5
30,78,9,7
23,67,273,8
21,69,285,7
17,66,171,11
30,77,6,2
21,60,190,17
25,69,163,18
14,33,107,15
21,66,109,5
13,69,61,9
39,62,145,3
32,63,261,1
28,58,99,13
27,45,110,6
10,61,259,18
30,50,43,5
16,38,15,12
19,45,6,1
13,50,237,18
31,50,242,2
11,61,259,15
11,66,67,12
37,40,276,10
15,32,277,18
11,53,97,18
22,61,76,16
20,33,83,11
24,78,103,11
29,71,220,2
16,44,121,17
19,67,112,7
39,32,257,19
37,63,243,3
21,57,0,10
33,58,287,16
31,52,154,4
30,54,41,6
32,41,289,5
31,77,201,19
30,54,96,13
20,73,203,18
30,39,281,0
24,65,85,0
13,64,77,1
27,57,19,15
22,44,179,0
38,58,130,0
38,63,149,16
13,79,163,17
14,43,240,16
16,57,46,9
34,43,121,17
39,39,227,10
15,40,126,8
12,74,216,11
36,44,1,10
29,35,76,10
27,52,110,3
12,65,106,11
36,40,257,5
21,45,131,12
31,79,219,11
24,52,139,6
28,55,236,17
39,60,156,19
28,79,14,11
12,41,97,13
13,32,185,5
16,66,209,8
23,76,27,3
19,33,268,3
19,43,94,3
22,73,95,10
31,56,219,16
32,76,140,14
25,45,79,2
25,60,182,12
25,52,140,11
21,74,190,0
16,79,231,2
13,39,125,11
15,51,155,8
11,52,105,15
24,60,63,9
13,69,2,0
29,63,41,12
22,68,187,4
16,53,29,16
27,36,110,18
13,51,114,8
22,47,65,12
18,41,16,14
20,36,227,8
14,68,228,0
36,73,74,13
30,43,184,3
31,47,6,1
31,56,186,15
18,43,273,1
37,48,228,18
39,78,45,9
18,69,2,11
32,75,288,16
11,72,275,11
25,53,33,7
28,79,23,2
39,71,65,18
23,35,43,4
27,44,39,15
15,65,46,16
11,67,9,0
16,53,143,11
34,31,127,5
15,61,292,0
31,43,144,10
12,40,216,6
15,52,57,13
33,78,37,9
36,68,22,0
23,39,297,16
27,32,29,16
34,41,187,10
15,51,52,16
16,56,65,7
14,64,297,14
19,40,245,14
39,48,282,16
18,70,132,14
25,66,157,18
35,44,296,6
16,68,43,4
11,54,146,10
31,51,250,0
27,76,40,14
32,69,160,8
30,53,228,11
35,53,22,17
23,58,172,8
25,44,213,9
36,47,80,7
20,40,75,7
38,74,113,14
25,30,203,2
21,60,167,0
15,44,21,1
26,30,38,5
32,66,11,13
24,68,204,1
11,78,17,18
10,61,70,8
38,63,188,4
25,57,25,17
27,74,216,16
29,51,269,4
16,43,39,1
25,78,88,10
38,39,215,13
11,50,121,13
31,39,75,1
24,40,37,12
22,68,129,2
29,41,71,6
25,36,246,18
17,36,277,5
33,46,164,11
13,58,128,6
28,36,129,6
15,77,47,14
39,38,183,16
30,62,16,6
13,78,195,11
36,30,165,10
34,33,9,0
13,66,50,15
36,68,266,18
35,34,81,7
13,58,208,7
13,43,154,2
25,71,237,5
19,62,145,15
18,76,221,9
20,54,131,17
32,51,273,6
18,73,173,13
10,73,197,14
16,52,222,17
21,57,45,1
22,74,254,17
22,71,38,19
21,54,266,15
32,54,30,7
23,47,39,12
24,60,265,6
20,59,123,10
30,34,144,15
17,31,163,3
27,75,244,12
13,34,108,3
19,66,203,7
11,38,148,16
17,48,108,1
25,40,209,15
25,41,51,0
11,33,266,5
27,50,28,16
21,39,232,3
12,78,206,5
39,40,140,8
21,73,60,2
39,55,292,13
38,76,135,13
30,53,142,13
33,59,144,0
32,58,185,19
13,41,268,8
22,37,222,14
11,64,297,12
23,44,127,12
30,43,96,2
20,74,225,16
16,42,268,0
25,70,56,10
20,47,153,3
19,49,280,16
31,49,124,12
14,76,2,14
25,46,37,4
20,69,17,16
25,68,156,12
21,67,245,10
30,31,185,2
36,72,73,2
32,48,96,7
24,73,295,12
16,52,4,19
17,58,110,11
17,47,92,12
30,30,80,7
21,56,2,15
27,42,17,12
34,58,285,12
21,58,177,13
23,51,38,14
33,79,86,14
10,35,220,14
23,70,135,10
38,56,272,2
38,30,23,19
31,47,296,7
37,76,213,18
11,64,186,16
14,54,7,14
36,37,252,17
36,55,96,11
14,37,243,13
35,70,199,18
10,75,250,15
25,68,268,7
34,59,42,8
24,74,96,7
29,38,118,14
16,69,78,18
22,78,40,15
29,43,283,5
35,56,243,11
39,58,4,14
15,30,44,15
29,34,37,10
10,67,182,3
24,30,271,14
18,63,38,19
38,61,97,4
33,54,230,12
31,68,290,10
29,47,186,4
33,42,298,18
10,32,105,8
14,72,251,17
14,60,33,3
25,49,117,5
23,52,137,18
25,62,134,4
18,38,215,19
15,74,187,4
11,48,155,3
36,49,122,15
17,68,124,17
27,46,242,4
39,64,47,14
37,53,138,15
35,54,227,4
34,72,86,9
23,46,68,10
26,62,9,10
35,46,112,3
31,68,99,9
20,74,174,11
16,74,43,17
24,50,61,5
20,46,170,6
12,78,122,10
12,67,94,9
34,64,176,6
29,65,22,7
25,65,271,9
21,38,294,8
37,48,187,0
18,43,124,3
36,40,119,19
34,32,172,8
36,49,72,16
11,38,80,19
28,60,42,10
10,45,36,2
39,59,262,7
11,61,233,13
38,38,229,2
15,59,143,15
19,64,21,16
22,30,22,9
28,76,156,19
11,46,126,19
25,67,181,11
34,64,240,6
38,61,8,15
19,79,256,14
36,56,298,9
27,56,105,10
34,58,4,9
25,38,190,18
11,60,107,16
28,51,251,0
19,67,253,10
38,50,236,13
39,42,176,1
32,33,71,12
23,46,29,5
26,61,97,7
27,38,36,7
39,59,77,4
35,56,256,3
25,69,93,15
36,39,47,16
19,43,156,10
25,68,196,13
12,69,120,19
25,74,175,13
37,70,120,9
12,63,196,18
36,78,245,0
38,32,115,18
19,73,21,4
16,30,13,0
38,44,103,3
18,77,30,10
16,44,134,19
15,65,218,0
16,49,7,10
29,43,291,16
34,47,179,8
17,55,99,10
15,54,10,17
20,48,83,13
19,52,154,2
27,64,204,2
12,42,168,19
17,52,253,0
18,52,273,15
39,39,260,19
36,79,33,10
37,67,38,18
30,36,132,15
28,72,265,4
22,36,5,0
27,62,98,18
21,52,247,18
24,67,30,1
36,67,286,6
11,48,292,3
15,77,182,10
20,59,237,4
14,63,258,13
34,76,247,13
38,77,45,3
12,64,66,19
11,39,27,14
20,36,191,17
16,72,63,17
23,49,218,15
30,58,123,12
26,71,299,19
24,34,49,4
34,73,6,14
14,45,39,12
24,69,259,7
17,74,250,16
14,50,89,5
21,74,180,3
23,73,24,13
25,57,205,12
35,52,62,5
15,78,284,8
11,46,59,0
31,67,299,14
10,45,272,10
39,45,283,8
32,32,162,4
31,55,98,0
19,70,268,4
10,63,204,4
21,49,214,15
15,38,241,11
34,57,111,13
33,32,1,10
20,50,293,13
36,74,192,16
38,67,251,12
31,66,84,15
39,40,198,18
10,75,0,5
19,60,138,2
10,57,189,14
14,42,121,15
21,47,69,6
16,37,128,9
20,40,100,2
27,34,6,7
32,59,206,0
38,46,190,17
12,50,256,15
13,40,272,12
31,46,16,17
34,36,116,1
29,54,34,8
18,42,102,5
25,56,282,0
20,30,143,14
22,71,265,4
37,52,110,8
34,54,222,12
31,69,280,9
18,63,125,3
21,53,107,12
26,31,161,8
13,33,271,0
28,78,179,18
34,66,12,14
12,71,240,2
29,49,93,2
14,75,106,4
34,56,95,18
29,66,215,14
21,76,134,4
28,69,142,16
30,46,12,14
31,59,164,16
23,55,244,3
27,79,10,6
35,72,249,16
25,76,96,1
17,70,40,11
34,54,16,4
39,39,118,12
14,32,178,9
26,57,186,17
19,44,137,15
23,47,149,13
39,37,134,18
14,61,75,5
35,54,273,7
34,74,240,11
26,57,93,3
35,54,121,16
10,38,21,16
21,32,284,5
30,33,254,13
32,34,39,12
39,77,93,10
13,30,214,1
31,78,149,0
26,67,225,19
13,68,35,9
37,77,167,16
16,58,147,4
33,59,118,13
38,60,85,17
21,77,270,14
26,36,73,18
23,64,155,11
18,39,129,11
37,61,295,7
20,69,133,2
22,30,264,9
21,49,122,4
17,42,213,1
35,67,249,14
10,78,138,4
24,53,175,14
25,65,290,0
15,73,83,12
18,79,253,9
26,63,253,8
37,75,136,0
30,52,53,17
16,35,216,15
26,44,276,16
20,54,168,8
15,51,256,0
14,39,216,6
17,77,298,5
15,33,266,1
28,61,253,18
23,40,175,5
31,46,40,14
17,56,203,18
21,34,44,0
23,56,16,12
13,37,169,10
20,60,121,3
36,56,82,11
26,31,87,2
39,45,283,0
36,39,4,7
27,79,91,16
24,75,237,7
27,54,14,9
37,54,211,14
10,38,2,17
31,66,114,11
25,47,40,12
32,58,33,18
37,40,220,10
39,59,13,6
28,60,61,1
30,74,104,14
15,75,241,18
21,40,30,14
13,41,158,5
17,71,118,3
33,45,46,19
35,34,226,0
25,43,31,11
18,34,190,11
33,66,170,0
20,30,111,19
37,59,86,2
19,58,115,13
23,79,248,17
15,76,69,16
19,47,114,10
14,61,9,7
18,31,98,2
24,59,274,5
39,69,55,10
13,38,88,4
19,43,15,1
12,55,236,15
32,47,239,15
28,74,195,18
31,37,238,2
35,78,101,8
31,45,257,7
39,65,289,9
19,38,278,19
30,77,213,7
25,73,26,8
31,40,212,4
25,72,46,17
28,63,241,14
36,48,86,13
35,68,172,19
18,66,281,9
19,36,53,9
18,67,235,4
25,70,199,7
38,75,10,3
33,35,197,7
23,53,281,7
30,31,201,7
34,68,191,15
36,30,271,16
16,47,118,6
31,68,239,2
20,41,144,19
35,38,230,16
14,68,185,18
25,54,267,9
33,44,298,2
13,50,241,5
20,75,215,5
33,74,137,5
18,31,145,7
28,38,44,18
19,49,249,9
35,45,103,18
24,48,161,0
39,65,183,7
22,71,146,13
16,39,143,9
28,43,217,10
21,34,88,11
34,30,216,15
38,71,242,16
19,76,21,7
16,45,109,2
27,30,119,14
36,48,142,13
19,35,160,17
20,76,98,4
32,37,228,19
36,36,219,3
23,30,140,3
33,47,60,17
16,58,237,19
17,79,179,12
37,36,131,16
31,38,132,4
30,52,29,0
13,59,31,13
21,45,101,16
18,79,42,0
37,64,11,8
36,57,147,19
39,42,158,3
23,75,173,5
16,79,51,8
39,33,241,8
25,51,214,0
27,75,135,10
32,45,238,4
39,40,59,5
33,58,90,11
12,67,16,5
18,71,257,18
39,62,198,10
18,57,85,10
36,77,54,9
26,64,38,18
13,62,29,12
28,30,71,19
20,48,224,16
10,72,20,5
19,55,187,12
25,67,151,0
23,52,252,12
10,71,267,7
33,71,134,9
31,64,150,10
31,39,164,8
32,38,293,14
31,46,256,14
35,54,13,0
29,48,214,19
31,56,43,1
20,72,10,9
35,65,73,11
16,45,243,19
15,64,268,19
35,50,206,2
24,76,177,13
36,62,295,15
10,41,27,1
36,57,290,12
21,51,71,16
38,47,239,1
22,43,116,1
20,35,190,12
10,65,262,17
14,32,238,6
30,45,153,12
10,59,192,4
28,34,45,3
20,45,112,19
35,58,15,11
23,64,73,17
30,66,234,8
15,35,192,6
26,53,84,9
38,48,142,0
33,59,99,10
23,57,31,14
19,74,117,8
14,79,275,8
29,63,291,13
10,59,132,2
14,58,43,15
35,57,39,15
25,36,196,15
21,79,205,1
10,59,21,4
30,41,155,1
16,31,280,7
33,35,130,19
22,64,134,9
33,58,130,17
34,69,94,13
16,68,159,17
21,70,287,5
34,61,234,9
32,35,164,10
17,50,245,10
36,44,45,19
10,50,112,6
37,37,224,15
29,50,129,16
36,31,135,0
22,43,230,8
35,46,10,4
34,55,48,15
14,36,22,3
34,57,277,12
24,69,187,10
15,50,247,6
11,62,280,14
26,59,192,13
20,67,297,12
14,74,89,13
26,54,43,7
29,66,206,11
25,72,65,17
22,48,85,7
11,47,190,12
31,74,149,3
13,45,151,5
34,67,54,11
15,59,237,8
16,36,292,13
20,66,195,13
35,49,95,10
28,50,76,11
27,68,262,6
16,54,242,14
11,50,59,10
37,57,43,10
22,54,174,12
11,32,151,6
31,53,112,10
31,37,197,11
37,74,278,5
10,35,129,18
29,36,136,11
29,61,298,4
16,32,42,2
14,38,299,4
21,59,79,10
17,50,14,9
34,57,54,2
29,66,235,3
39,48,205,12
31,56,1,6
20,54,279,9
30,43,268,1
30,77,218,3
39,65,106,0
14,70,292,10
12,48,39,1
30,59,204,1
25,72,259,13
10,30,276,2
16,51,220,15
31,36,112,9
16,61,61,2
31,74,81,15
20,39,94,0
11,47,266,15
38,34,9,14
33,37,59,2
25,46,64,13
25,79,90,13
25,61,228,2
11,50,67,3
22,65,290,19
19,38,87,18
15,55,9,3
11,59,197,14
28,75,120,14
10,52,67,8
37,63,194,10
17,37,155,13
23,63,94,0
13,32,239,18
31,54,16,12
18,60,227,10
36,77,99,9
26,52,20,12
35,59,223,0
27,44,263,15
15,53,207,9
16,65,230,9
22,66,175,1
29,57,279,8
26,64,289,11
16,32,227,7
39,31,265,8
36,39,208,13
38,74,134,5
35,69,104,3
12,61,52,1
38,60,135,17
24,58,261,0
35,70,24,17
29,61,177,13
20,64,105,2
12,40,65,7
37,46,261,8
16,66,233,8
32,78,149,17
26,40,14,5
10,66,238,10
38,71,0,9
14,41,275,8
17,69,244,16
21,51,206,4
15,51,141,7
15,63,279,11
20,39,193,8
29,36,89,2
20,42,205,6
30,48,48,18
36,75,90,5
10,40,192,17
12,63,86,1
11,47,35,5
29,77,185,1
21,59,155,3
22,50,203,10
31,30,69,8
24,52,234,4
27,65,284,5
38,63,241,1
24,46,263,16
29,31,91,6
13,41,58,3
21,30,225,16
32,49,152,17
26,51,251,4
16,45,132,7
23,31,172,16
18,69,38,18
32,38,25,5
23,56,230,18
30,48,162,11
39,52,84,13
21,73,139,11
29,40,186,17
16,44,170,18
29,59,201,3
37,55,28,1
19,45,290,10
29,46,236,5
10,30,52,5
15,69,222,6
38,63,251,14
35,60,220,2
15,48,268,10
35,59,182,4
31,37,66,0
20,44,32,10
12,64,253,6
35,46,31,17
23,61,82,19
28,37,215,16
14,65,6,1
23,35,190,3
15,50,154,0
33,47,195,1
21,36,172,11
23,70,126,3
19,45,144,18
17,62,283,10
31,42,8,1
30,77,87,4
38,67,25,8
17,36,76,5
16,38,232,0
17,48,145,15
14,59,195,1
23,75,61,9
19,75,30,9
22,43,20,10
30,42,297,1
28,38,269,18
13,55,53,7
38,51,287,1
23,60,250,4
12,49,33,2
29,42,257,18
20,78,62,13
14,59,104,13
20,45,284,14
39,30,139,2
28,55,252,2
11,65,180,3
30,42,174,11
30,75,172,16
35,38,232,14
14,56,102,9
32,56,51,18
34,32,194,3
34,34,95,8
12,60,74,7
17,74,100,8
27,52,32,14
19,34,263,16
12,74,193,7
36,41,173,15
37,64,103,17
16,33,87,7
12,36,250,1
15,73,75,5
21,32,176,3
26,59,122,6
14,64,211,7
24,65,80,2
25,55,192,3
32,70,166,15
24,41,284,13
20,46,122,9
13,44,144,10
19,42,84,9
35,40,261,4
23,35,99,3
27,67,31,12
10,46,251,7
16,62,14,10
30,37,69,11
28,66,107,4
11,55,282,0
10,46,97,1
10,44,8,0
33,30,269,11
15,60,31,13
14,57,129,6
36,50,126,4
18,60,167,3
26,79,122,10
16,32,6,0
13,71,104,12
18,74,125,8
31,49,101,2
15,30,268,10
12,32,203,15
16,60,224,3
37,72,165,9
32,41,249,0
22,68,67,2
23,65,218,19
18,62,264,11
31,71,253,4
23,50,283,15
39,70,92,11
17,57,263,13
23,43,235,16
10,57,232,19
14,57,109,17
37,31,4,17
13,35,194,0
10,38,30,1
37,65,52,19
19,43,227,5
24,36,285,11
19,36,295,10
17,51,215,17
19,48,182,5
25,46,143,17
37,57,82,14
28,57,245,0
39,40,16,12
24,46,60,1
19,70,248,1
12,55,130,12
19,66,172,3
26,57,267,13
14,61,181,12
29,60,76,11
20,49,283,11
39,79,250,16
28,54,118,1
13,53,21,11
39,49,55,19
30,74,52,10
38,56,168,16
23,49,18,4
19,47,273,12
24,47,134,0
16,72,3,6
27,44,1,17
31,38,245,17
19,65,18,19
17,38,178,10
19,61,229,15
26,66,37,19
34,35,198,5
37,64,252,0
20,62,253,18
32,41,28,16
35,79,236,8
24,72,162,3
15,79,179,8
19,57,11,10
36,70,1,1
28,58,164,11
24,61,35,8
20,70,169,17
32,72,143,10
16,50,117,7
19,74,5,13
39,65,141,14
13,47,205,2
29,61,123,1
26,73,293,14
14,71,36,14
12,62,59,16
13,40,235,16
36,62,236,16
15,31,92,4
18,48,281,16
38,33,248,0
19,48,120,2
37,70,181,4
30,59,214,17
19,52,143,14
36,70,42,19
16,79,270,0
37,31,78,13
35,57,201,6
11,51,134,10
32,47,295,16
10,44,48,0
22,74,119,17
31,63,217,4
14,58,291,11
11,52,56,5
28,76,35,6
30,56,265,10
32,62,297,4
16,64,178,3
25,60,21,0
37,74,192,7
12,47,58,3
12,67,128,0
32,36,222,2
13,46,240,8
11,79,247,1
19,58,64,6
38,76,258,10
28,60,44,19
26,33,179,6
37,55,109,15
30,41,58,3
24,66,33,6
13,37,202,6
39,36,66,4
32,37,161,10
33,42,3,10
37,35,30,0
24,36,2,11
10,71,271,1
15,32,168,9
10,61,232,2
16,75,98,14
16,49,16,1
32,68,234,15
15,35,213,4
13,37,63,5
15,50,71,3
11,59,279,17
33,67,179,14
34,55,198,4
18,30,150,6
25,65,164,9
17,37,287,1
36,72,126,0
21,65,162,3
30,52,297,1
28,61,245,0
18,72,235,10
16,55,274,17
27,31,43,7
21,71,65,6
39,31,284,7
23,60,104,7
20,63,12,13
32,60,163,19
26,52,218,4
12,46,102,9
30,40,9,7
35,42,185,7
26,54,178,10
27,69,263,6
19,57,78,19
36,68,128,10
30,75,67,2
22,30,137,15
33,77,142,10
34,66,256,4
21,53,195,8
26,53,172,8
13,73,219,17
34,62,57,1
15,77,279,9
20,79,120,3
15,40,1,1
32,60,213,5
25,69,81,11
30,54,196,5
17,34,250,3
28,48,198,19
34,43,32,18
38,34,183,2
13,67,104,12
32,37,108,15
22,36,191,19
34,40,238,19
39,43,206,10
28,66,195,7
18,78,284,13
24,46,20,8
16,48,299,5
23,43,274,9
24,42,103,9
33,69,183,19
26,38,186,17
19,36,161,15
37,58,113,3
11,37,136,12
35,33,130,18
13,61,102,11
39,57,1,8
34,0,492,43
23,5,642,44
34,64,944,23
28,29,442,49
13,86,529,48
35,80,368,23
11,12,531,34
11,73,398,26
24,7,719,25
37,85,805,28
49,31,592,39
12,43,641,30
37,13,907,46
44,78,317,45
36,71,788,46
26,63,851,22
39,42,902,45
16,78,703,46
32,61,789,23
15,63,504,38
21,55,627,39
48,33,880,33
21,64,560,28
12,27,929,34
49,11,931,27
27,73,813,22
14,70,731,38
41,45,715,37
38,49,693,36
12,4,505,47
29,63,799,44
26,22,415,48
39,69,865,47
40,67,333,37
40,23,682,26
12,75,398,46
30,38,494,34
30,61,656,28
19,88,424,33
12,84,352,25
49,82,829,47
18,89,414,26
28,49,336,35
33,23,559,32
42,0,631,33
20,30,901,26
36,28,523,28
39,14,872,32
44,47,852,20
30,63,693,36
29,54,934,34
43,16,857,29
46,61,625,20
12,47,497,29
43,56,881,24
29,59,729,30
13,51,748,26
24,64,967,24
16,39,979,30
15,68,887,20
39,77,777,37
39,43,886,25
32,64,928,28
44,89,659,46
40,5,660,20
13,20,772,22
20,20,947,30
21,77,992,47
11,10,365,37
35,74,876,40
41,14,866,33
42,67,917,26
29,61,316,20
46,48,747,48
11,51,462,25
26,29,869,46
33,48,690,42
23,41,482,33
48,22,526,22
26,6,865,43
45,70,574,44
38,43,905,34
17,1,463,28
21,86,464,24
19,77,629,39
27,28,857,23
25,27,433,28
17,66,438,46
18,73,425,45
23,76,954,42
35,22,358,25
19,65,548,43
12,27,707,24
44,88,490,22
10,58,961,26
12,18,311,29
46,67,521,28
17,26,403,29
23,28,625,45
44,20,900,29
21,34,579,23
36,77,390,48
22,1,863,21
39,77,715,36
32,25,587,43
23,12,374,34
43,42,395,35
22,0,784,40
15,84,455,49
15,76,640,43
28,40,304,25
43,89,998,26
26,0,969,24
23,16,351,31
40,38,474,38
15,39,974,25
13,19,617,45
35,15,518,21
24,48,644,43
11,72,524,31
47,10,817,23
26,88,694,40
26,6,844,20
20,54,473,31
19,23,445,33
33,70,641,46
49,57,912,42
31,59,766,24
31,61,665,48
22,1,308,47
42,83,351,36
19,71,676,29
39,34,518,38
36,14,494,38
49,10,709,39
46,46,665,25
26,24,465,31
48,42,803,31
29,73,959,40
48,47,314,20
48,19,326,44
33,7,380,45
48,1,522,48
15,81,664,45
41,76,507,47
26,83,764,40
41,30,383,29
33,41,656,29
19,61,758,33
22,31,394,41
17,82,889,37
27,49,817,49
28,81,827,20
41,10,565,44
38,43,882,45
45,66,707,27
31,22,738,45
30,27,383,49
27,16,918,44
22,49,468,33
45,14,579,29
45,34,384,42
39,72,982,32
47,80,983,20
37,88,780,31
21,9,473,41
11,14,811,30
28,35,394,31
13,31,748,33
18,84,911,44
36,48,944,40
25,67,623,36
23,13,949,38
39,5,699,47
44,85,625,22
28,34,431,43
45,80,402,41
26,36,739,47
25,40,340,21
38,64,873,20
16,70,948,34
23,5,409,24
22,38,727,27
29,74,867,21
19,33,616,30
18,30,401,39
26,9,499,43
10,52,619,47
49,31,570,36
13,28,378,43
10,39,605,27
32,10,615,37
19,57,359,22
27,12,364,32
43,55,773,41
11,49,721,46
24,0,423,23
31,6,612,46
39,11,899,49
42,74,643,33
